[
  {
    "source": "MOSDAC Website",
    "relation": "has_section",
    "target": "3d volumetric terls dwrproduct"
  },
  {
    "source": "3d volumetric terls dwrproduct",
    "relation": "contains_text",
    "target": "URL: https://mosdac.gov.in/3d-volumetric-terls-dwrproduct\n\nSkip to main Content\nHome\nMissions INSAT-3DR INSAT-3D KALPANA-1 INSAT-3A MeghaTropiques SARAL-AltiKa OCEANSAT-2 OCEANSAT-3 INSAT-3DS SCATSAT-1\nINSAT-3DR\nINSAT-3D\nKALPANA-1\nINSAT-3A\nMeghaTropiques\nSARAL-AltiKa\nOCEANSAT-2\nOCEANSAT-3\nINSAT-3DS\n..."
  },
  {
    "source": "MOSDAC Website",
    "relation": "has_section",
    "target": "about us"
  },
  {
    "source": "about us",
    "relation": "contains_text",
    "target": "URL: https://mosdac.gov.in/about-us\n\nSkip to main Content\nHome\nMissions INSAT-3DR INSAT-3D KALPANA-1 INSAT-3A MeghaTropiques SARAL-AltiKa OCEANSAT-2 OCEANSAT-3 INSAT-3DS SCATSAT-1\nINSAT-3DR\nINSAT-3D\nKALPANA-1\nINSAT-3A\nMeghaTropiques\nSARAL-AltiKa\nOCEANSAT-2\nOCEANSAT-3\nINSAT-3DS\nSCATSAT-1\nCatalog Sate..."
  },
  {
    "source": "MOSDAC Website",
    "relation": "has_section",
    "target": "atlases"
  },
  {
    "source": "atlases",
    "relation": "contains_text",
    "target": "URL: https://mosdac.gov.in/atlases\n\nSkip to main Content\nHome\nMissions INSAT-3DR INSAT-3D KALPANA-1 INSAT-3A MeghaTropiques SARAL-AltiKa OCEANSAT-2 OCEANSAT-3 INSAT-3DS SCATSAT-1\nINSAT-3DR\nINSAT-3D\nKALPANA-1\nINSAT-3A\nMeghaTropiques\nSARAL-AltiKa\nOCEANSAT-2\nOCEANSAT-3\nINSAT-3DS\nSCATSAT-1\nCatalog Satel..."
  },
  {
    "source": "MOSDAC Website",
    "relation": "has_section",
    "target": "bayesian based mt saphir rainfall"
  },
  {
    "source": "bayesian based mt saphir rainfall",
    "relation": "contains_text",
    "target": "URL: https://mosdac.gov.in/bayesian-based-mt-saphir-rainfall\n\nSkip to main Content\nHome\nMissions INSAT-3DR INSAT-3D KALPANA-1 INSAT-3A MeghaTropiques SARAL-AltiKa OCEANSAT-2 OCEANSAT-3 INSAT-3DS SCATSAT-1\nINSAT-3DR\nINSAT-3D\nKALPANA-1\nINSAT-3A\nMeghaTropiques\nSARAL-AltiKa\nOCEANSAT-2\nOCEANSAT-3\nINSAT-3..."
  },
  {
    "source": "MOSDAC Website",
    "relation": "has_section",
    "target": "calibration reports"
  },
  {
    "source": "calibration reports",
    "relation": "contains_text",
    "target": "URL: https://mosdac.gov.in/calibration-reports\n\nSkip to main Content\nHome\nMissions INSAT-3DR INSAT-3D KALPANA-1 INSAT-3A MeghaTropiques SARAL-AltiKa OCEANSAT-2 OCEANSAT-3 INSAT-3DS SCATSAT-1\nINSAT-3DR\nINSAT-3D\nKALPANA-1\nINSAT-3A\nMeghaTropiques\nSARAL-AltiKa\nOCEANSAT-2\nOCEANSAT-3\nINSAT-3DS\nSCATSAT-1\nC..."
  },
  {
    "source": "MOSDAC Website",
    "relation": "has_section",
    "target": "contact us"
  },
  {
    "source": "contact us",
    "relation": "contains_text",
    "target": "URL: https://mosdac.gov.in/contact-us\n\nSkip to main Content\nHome\nMissions INSAT-3DR INSAT-3D KALPANA-1 INSAT-3A MeghaTropiques SARAL-AltiKa OCEANSAT-2 OCEANSAT-3 INSAT-3DS SCATSAT-1\nINSAT-3DR\nINSAT-3D\nKALPANA-1\nINSAT-3A\nMeghaTropiques\nSARAL-AltiKa\nOCEANSAT-2\nOCEANSAT-3\nINSAT-3DS\nSCATSAT-1\nCatalog Sa..."
  },
  {
    "source": "MOSDAC Website",
    "relation": "has_section",
    "target": "copyright policy"
  },
  {
    "source": "copyright policy",
    "relation": "contains_text",
    "target": "URL: https://mosdac.gov.in/copyright-policy\n\nSkip to main Content\nHome\nMissions INSAT-3DR INSAT-3D KALPANA-1 INSAT-3A MeghaTropiques SARAL-AltiKa OCEANSAT-2 OCEANSAT-3 INSAT-3DS SCATSAT-1\nINSAT-3DR\nINSAT-3D\nKALPANA-1\nINSAT-3A\nMeghaTropiques\nSARAL-AltiKa\nOCEANSAT-2\nOCEANSAT-3\nINSAT-3DS\nSCATSAT-1\nCata..."
  },
  {
    "source": "MOSDAC Website",
    "relation": "has_section",
    "target": "data access policy"
  },
  {
    "source": "data access policy",
    "relation": "contains_text",
    "target": "URL: https://mosdac.gov.in/data-access-policy\n\nSkip to main Content\nHome\nMissions INSAT-3DR INSAT-3D KALPANA-1 INSAT-3A MeghaTropiques SARAL-AltiKa OCEANSAT-2 OCEANSAT-3 INSAT-3DS SCATSAT-1\nINSAT-3DR\nINSAT-3D\nKALPANA-1\nINSAT-3A\nMeghaTropiques\nSARAL-AltiKa\nOCEANSAT-2\nOCEANSAT-3\nINSAT-3DS\nSCATSAT-1\nCa..."
  },
  {
    "source": "MOSDAC Website",
    "relation": "has_section",
    "target": "data quality"
  },
  {
    "source": "data quality",
    "relation": "contains_text",
    "target": "URL: https://mosdac.gov.in/data-quality\n\nSkip to main Content\nHome\nMissions INSAT-3DR INSAT-3D KALPANA-1 INSAT-3A MeghaTropiques SARAL-AltiKa OCEANSAT-2 OCEANSAT-3 INSAT-3DS SCATSAT-1\nINSAT-3DR\nINSAT-3D\nKALPANA-1\nINSAT-3A\nMeghaTropiques\nSARAL-AltiKa\nOCEANSAT-2\nOCEANSAT-3\nINSAT-3DS\nSCATSAT-1\nCatalog ..."
  },
  {
    "source": "MOSDAC Website",
    "relation": "has_section",
    "target": "faq page"
  },
  {
    "source": "faq page",
    "relation": "contains_text",
    "target": "URL: https://mosdac.gov.in/faq-page\n\nSkip to main Content\nHome\nMissions INSAT-3DR INSAT-3D KALPANA-1 INSAT-3A MeghaTropiques SARAL-AltiKa OCEANSAT-2 OCEANSAT-3 INSAT-3DS SCATSAT-1\nINSAT-3DR\nINSAT-3D\nKALPANA-1\nINSAT-3A\nMeghaTropiques\nSARAL-AltiKa\nOCEANSAT-2\nOCEANSAT-3\nINSAT-3DS\nSCATSAT-1\nCatalog Sate..."
  },
  {
    "source": "MOSDAC Website",
    "relation": "has_section",
    "target": "global ocean surface current"
  },
  {
    "source": "global ocean surface current",
    "relation": "contains_text",
    "target": "URL: https://mosdac.gov.in/global-ocean-surface-current\n\nSkip to main Content\nHome\nMissions INSAT-3DR INSAT-3D KALPANA-1 INSAT-3A MeghaTropiques SARAL-AltiKa OCEANSAT-2 OCEANSAT-3 INSAT-3DS SCATSAT-1\nINSAT-3DR\nINSAT-3D\nKALPANA-1\nINSAT-3A\nMeghaTropiques\nSARAL-AltiKa\nOCEANSAT-2\nOCEANSAT-3\nINSAT-3DS\nSC..."
  },
  {
    "source": "MOSDAC Website",
    "relation": "has_section",
    "target": "gps derived integrated water vapour"
  },
  {
    "source": "gps derived integrated water vapour",
    "relation": "contains_text",
    "target": "URL: https://mosdac.gov.in/gps-derived-integrated-water-vapour\n\nSkip to main Content\nHome\nMissions INSAT-3DR INSAT-3D KALPANA-1 INSAT-3A MeghaTropiques SARAL-AltiKa OCEANSAT-2 OCEANSAT-3 INSAT-3DS SCATSAT-1\nINSAT-3DR\nINSAT-3D\nKALPANA-1\nINSAT-3A\nMeghaTropiques\nSARAL-AltiKa\nOCEANSAT-2\nOCEANSAT-3\nINSAT..."
  },
  {
    "source": "MOSDAC Website",
    "relation": "has_section",
    "target": "gsmap isro rain"
  },
  {
    "source": "gsmap isro rain",
    "relation": "contains_text",
    "target": "URL: https://mosdac.gov.in/gsmap-isro-rain\n\nSkip to main Content\nHome\nMissions INSAT-3DR INSAT-3D KALPANA-1 INSAT-3A MeghaTropiques SARAL-AltiKa OCEANSAT-2 OCEANSAT-3 INSAT-3DS SCATSAT-1\nINSAT-3DR\nINSAT-3D\nKALPANA-1\nINSAT-3A\nMeghaTropiques\nSARAL-AltiKa\nOCEANSAT-2\nOCEANSAT-3\nINSAT-3DS\nSCATSAT-1\nCatal..."
  },
  {
    "source": "MOSDAC Website",
    "relation": "has_section",
    "target": "help"
  },
  {
    "source": "help",
    "relation": "contains_text",
    "target": "URL: https://mosdac.gov.in/help\n\nSkip to main Content\nHome\nMissions INSAT-3DR INSAT-3D KALPANA-1 INSAT-3A MeghaTropiques SARAL-AltiKa OCEANSAT-2 OCEANSAT-3 INSAT-3DS SCATSAT-1\nINSAT-3DR\nINSAT-3D\nKALPANA-1\nINSAT-3A\nMeghaTropiques\nSARAL-AltiKa\nOCEANSAT-2\nOCEANSAT-3\nINSAT-3DS\nSCATSAT-1\nCatalog Satellit..."
  },
  {
    "source": "MOSDAC Website",
    "relation": "has_section",
    "target": "high resolution sea surface salinity"
  },
  {
    "source": "high resolution sea surface salinity",
    "relation": "contains_text",
    "target": "URL: https://mosdac.gov.in/high-resolution-sea-surface-salinity\n\nSkip to main Content\nHome\nMissions INSAT-3DR INSAT-3D KALPANA-1 INSAT-3A MeghaTropiques SARAL-AltiKa OCEANSAT-2 OCEANSAT-3 INSAT-3DS SCATSAT-1\nINSAT-3DR\nINSAT-3D\nKALPANA-1\nINSAT-3A\nMeghaTropiques\nSARAL-AltiKa\nOCEANSAT-2\nOCEANSAT-3\nINSA..."
  },
  {
    "source": "MOSDAC Website",
    "relation": "has_section",
    "target": "homepage"
  },
  {
    "source": "homepage",
    "relation": "contains_text",
    "target": "URL: https://mosdac.gov.in/#main-content\n\nSkip to main Content\nMeteorological & Oceanographic Satellite Data Archival Centre\nHome\nMissions INSAT-3DR INSAT-3D KALPANA-1 INSAT-3A MeghaTropiques SARAL-AltiKa OCEANSAT-2 OCEANSAT-3 INSAT-3DS SCATSAT-1\nINSAT-3DR\nINSAT-3D\nKALPANA-1\nINSAT-3A\nMeghaTropiques\n..."
  },
  {
    "source": "MOSDAC Website",
    "relation": "has_section",
    "target": "hyperlink policy"
  },
  {
    "source": "hyperlink policy",
    "relation": "contains_text",
    "target": "URL: https://mosdac.gov.in/hyperlink-policy\n\nSkip to main Content\nHome\nMissions INSAT-3DR INSAT-3D KALPANA-1 INSAT-3A MeghaTropiques SARAL-AltiKa OCEANSAT-2 OCEANSAT-3 INSAT-3DS SCATSAT-1\nINSAT-3DR\nINSAT-3D\nKALPANA-1\nINSAT-3A\nMeghaTropiques\nSARAL-AltiKa\nOCEANSAT-2\nOCEANSAT-3\nINSAT-3DS\nSCATSAT-1\nCata..."
  },
  {
    "source": "MOSDAC Website",
    "relation": "has_section",
    "target": "indian mainland coastal product"
  },
  {
    "source": "indian mainland coastal product",
    "relation": "contains_text",
    "target": "URL: https://mosdac.gov.in/indian-mainland-coastal-product\n\nSkip to main Content\nHome\nMissions INSAT-3DR INSAT-3D KALPANA-1 INSAT-3A MeghaTropiques SARAL-AltiKa OCEANSAT-2 OCEANSAT-3 INSAT-3DS SCATSAT-1\nINSAT-3DR\nINSAT-3D\nKALPANA-1\nINSAT-3A\nMeghaTropiques\nSARAL-AltiKa\nOCEANSAT-2\nOCEANSAT-3\nINSAT-3DS..."
  },
  {
    "source": "MOSDAC Website",
    "relation": "has_section",
    "target": "inland water height"
  },
  {
    "source": "inland water height",
    "relation": "contains_text",
    "target": "URL: https://mosdac.gov.in/inland-water-height\n\nSkip to main Content\nHome\nMissions INSAT-3DR INSAT-3D KALPANA-1 INSAT-3A MeghaTropiques SARAL-AltiKa OCEANSAT-2 OCEANSAT-3 INSAT-3DS SCATSAT-1\nINSAT-3DR\nINSAT-3D\nKALPANA-1\nINSAT-3A\nMeghaTropiques\nSARAL-AltiKa\nOCEANSAT-2\nOCEANSAT-3\nINSAT-3DS\nSCATSAT-1\nC..."
  },
  {
    "source": "MOSDAC Website",
    "relation": "has_section",
    "target": "insat 3a"
  },
  {
    "source": "insat 3a",
    "relation": "contains_text",
    "target": "URL: https://mosdac.gov.in/insat-3a\n\nSkip to main Content\nHome\nMissions INSAT-3DR INSAT-3D KALPANA-1 INSAT-3A MeghaTropiques SARAL-AltiKa OCEANSAT-2 OCEANSAT-3 INSAT-3DS SCATSAT-1\nINSAT-3DR\nINSAT-3D\nKALPANA-1\nINSAT-3A\nMeghaTropiques\nSARAL-AltiKa\nOCEANSAT-2\nOCEANSAT-3\nINSAT-3DS\nSCATSAT-1\nCatalog Sate..."
  },
  {
    "source": "MOSDAC Website",
    "relation": "has_section",
    "target": "insat 3d"
  },
  {
    "source": "insat 3d",
    "relation": "contains_text",
    "target": "URL: https://mosdac.gov.in/insat-3d\n\nSkip to main Content\nHome\nMissions INSAT-3DR INSAT-3D KALPANA-1 INSAT-3A MeghaTropiques SARAL-AltiKa OCEANSAT-2 OCEANSAT-3 INSAT-3DS SCATSAT-1\nINSAT-3DR\nINSAT-3D\nKALPANA-1\nINSAT-3A\nMeghaTropiques\nSARAL-AltiKa\nOCEANSAT-2\nOCEANSAT-3\nINSAT-3DS\nSCATSAT-1\nCatalog Sate..."
  },
  {
    "source": "MOSDAC Website",
    "relation": "has_section",
    "target": "insat 3dr"
  },
  {
    "source": "insat 3dr",
    "relation": "contains_text",
    "target": "URL: https://mosdac.gov.in/insat-3dr\n\nSkip to main Content\nHome\nMissions INSAT-3DR INSAT-3D KALPANA-1 INSAT-3A MeghaTropiques SARAL-AltiKa OCEANSAT-2 OCEANSAT-3 INSAT-3DS SCATSAT-1\nINSAT-3DR\nINSAT-3D\nKALPANA-1\nINSAT-3A\nMeghaTropiques\nSARAL-AltiKa\nOCEANSAT-2\nOCEANSAT-3\nINSAT-3DS\nSCATSAT-1\nCatalog Sat..."
  },
  {
    "source": "MOSDAC Website",
    "relation": "has_section",
    "target": "insat 3ds"
  },
  {
    "source": "insat 3ds",
    "relation": "contains_text",
    "target": "URL: https://mosdac.gov.in/insat-3ds\n\nSkip to main Content\nHome\nMissions INSAT-3DR INSAT-3D KALPANA-1 INSAT-3A MeghaTropiques SARAL-AltiKa OCEANSAT-2 OCEANSAT-3 INSAT-3DS SCATSAT-1\nINSAT-3DR\nINSAT-3D\nKALPANA-1\nINSAT-3A\nMeghaTropiques\nSARAL-AltiKa\nOCEANSAT-2\nOCEANSAT-3\nINSAT-3DS\nSCATSAT-1\nCatalog Sat..."
  },
  {
    "source": "MOSDAC Website",
    "relation": "has_section",
    "target": "insitu"
  },
  {
    "source": "insitu",
    "relation": "contains_text",
    "target": "URL: https://mosdac.gov.in/insitu\n\nSkip to main Content\nHome\nMissions INSAT-3DR INSAT-3D KALPANA-1 INSAT-3A MeghaTropiques SARAL-AltiKa OCEANSAT-2 OCEANSAT-3 INSAT-3DS SCATSAT-1\nINSAT-3DR\nINSAT-3D\nKALPANA-1\nINSAT-3A\nMeghaTropiques\nSARAL-AltiKa\nOCEANSAT-2\nOCEANSAT-3\nINSAT-3DS\nSCATSAT-1\nCatalog Satell..."
  },
  {
    "source": "MOSDAC Website",
    "relation": "has_section",
    "target": "internal calval data"
  },
  {
    "source": "internal calval data",
    "relation": "contains_text",
    "target": "URL: https://mosdac.gov.in/internal/calval-data\n\nHindi\nEnglish\n\u092e\u0949\u0938\u094d\u0921\u0948\u0915, \u0905\u0902\u0924\u0930\u093f\u0915\u094d\u0937 \u0909\u092a\u092f\u094b\u0917 \u0915\u0947\u0902\u0926\u094d\u0930, \u0907\u0938\u0930\u094b, \u092d\u093e\u0930\u0924 \u0938\u0930\u0915\u093e\u0930 \u0926\u094d\u0935\u093e\u0930\u093e \u0928\u093f\u0930\u094d\u092e\u093f\u0924 \u0914\u0930 \u0938\u0902\u091a\u093e\u0932\u093f\u0924\nOwned and maintained by MOSDAC, Space Applications Centre, Indian Space Research Organisation, Govt. of INDIA...."
  },
  {
    "source": "MOSDAC Website",
    "relation": "has_section",
    "target": "internal catalog insitu"
  },
  {
    "source": "internal catalog insitu",
    "relation": "contains_text",
    "target": "URL: https://mosdac.gov.in/internal/catalog-insitu\n\nSr.No\nStation Name\nState\nStation ID\nStation Key\nLatitude\nLongitude\nStart Date\nEnd Date\nProcessing Status\nTemporal Resolution\n{{$index + 1}}\n{{allproduct.name}}\n{{allproduct.state}}\n{{allproduct.id}}\n{{allproduct.key}}\n{{allproduct.latres}}\n{{allpro..."
  },
  {
    "source": "MOSDAC Website",
    "relation": "has_section",
    "target": "internal catalog radar"
  },
  {
    "source": "internal catalog radar",
    "relation": "contains_text",
    "target": "URL: https://mosdac.gov.in/internal/catalog-radar\n\nSr.No\nProduct / Acq Calendar\nProduct Description\nProcessing Level\nTemporal Resolution\nStart Date\nEnd Date\nProcessing Status\nDOI\n{{$index + 1}}\n{{allproduct.name}}\n{{allproduct.description}}\n{{allproduct.processlevel}}\n{{allproduct.frequency  | upper..."
  },
  {
    "source": "MOSDAC Website",
    "relation": "has_section",
    "target": "internal catalog satellite"
  },
  {
    "source": "internal catalog satellite",
    "relation": "contains_text",
    "target": "URL: https://mosdac.gov.in/internal/catalog-satellite\n\nSr.No\nProduct\n\n\t\t\t\t\t\t\t\t\t/ Acq Calendar/Version\nProduct Description\nProcessing Level\nTemporal Resolution\nStart Date\nEnd Date\nProcessing Status\nDOI\n{{$index + 1}}\n{{allproduct.name}}\n{{allproduct.description}}\n{{allproduct.processlevel}}\n{{allprod..."
  },
  {
    "source": "MOSDAC Website",
    "relation": "has_section",
    "target": "internal forecast menu"
  },
  {
    "source": "internal forecast menu",
    "relation": "contains_text",
    "target": "URL: https://mosdac.gov.in/internal/forecast-menu\n\nHindi\nEnglish\n\u092e\u0949\u0938\u094d\u0921\u0948\u0915, \u0905\u0902\u0924\u0930\u093f\u0915\u094d\u0937 \u0909\u092a\u092f\u094b\u0917 \u0915\u0947\u0902\u0926\u094d\u0930, \u0907\u0938\u0930\u094b, \u092d\u093e\u0930\u0924 \u0938\u0930\u0915\u093e\u0930 \u0926\u094d\u0935\u093e\u0930\u093e \u0928\u093f\u0930\u094d\u092e\u093f\u0924 \u0914\u0930 \u0938\u0902\u091a\u093e\u0932\u093f\u0924\nOwned and maintained by MOSDAC, Space Applications Centre, Indian Space Research Organisation, Govt. of INDIA...."
  },
  {
    "source": "MOSDAC Website",
    "relation": "has_section",
    "target": "internal logout"
  },
  {
    "source": "internal logout",
    "relation": "contains_text",
    "target": "URL: https://mosdac.gov.in/internal/logout\n\n\u092e\u0949\u0938\u094d\u0921\u0948\u0915, \u0905\u0902\u0924\u0930\u093f\u0915\u094d\u0937 \u0909\u092a\u092f\u094b\u0917 \u0915\u0947\u0902\u0926\u094d\u0930, \u0907\u0938\u0930\u094b, \u092d\u093e\u0930\u0924 \u0938\u0930\u0915\u093e\u0930 \u0926\u094d\u0935\u093e\u0930\u093e \u0928\u093f\u0930\u094d\u092e\u093f\u0924 \u0914\u0930 \u0938\u0902\u091a\u093e\u0932\u093f\u0924\nOwned and maintained by MOSDAC, Space Applications Centre, Indian Space Research Organisation, Govt. of INDIA...."
  },
  {
    "source": "MOSDAC Website",
    "relation": "has_section",
    "target": "internal uops"
  },
  {
    "source": "internal uops",
    "relation": "contains_text",
    "target": "URL: https://mosdac.gov.in/internal/uops\n\nHindi\nEnglish\n\u092e\u0949\u0938\u094d\u0921\u0948\u0915, \u0905\u0902\u0924\u0930\u093f\u0915\u094d\u0937 \u0909\u092a\u092f\u094b\u0917 \u0915\u0947\u0902\u0926\u094d\u0930, \u0907\u0938\u0930\u094b, \u092d\u093e\u0930\u0924 \u0938\u0930\u0915\u093e\u0930 \u0926\u094d\u0935\u093e\u0930\u093e \u0928\u093f\u0930\u094d\u092e\u093f\u0924 \u0914\u0930 \u0938\u0902\u091a\u093e\u0932\u093f\u0924\nOwned and maintained by MOSDAC, Space Applications Centre, Indian Space Research Organisation, Govt. of INDIA...."
  },
  {
    "source": "MOSDAC Website",
    "relation": "has_section",
    "target": "kalpana 1"
  },
  {
    "source": "kalpana 1",
    "relation": "contains_text",
    "target": "URL: https://mosdac.gov.in/kalpana-1\n\nSkip to main Content\nHome\nMissions INSAT-3DR INSAT-3D KALPANA-1 INSAT-3A MeghaTropiques SARAL-AltiKa OCEANSAT-2 OCEANSAT-3 INSAT-3DS SCATSAT-1\nINSAT-3DR\nINSAT-3D\nKALPANA-1\nINSAT-3A\nMeghaTropiques\nSARAL-AltiKa\nOCEANSAT-2\nOCEANSAT-3\nINSAT-3DS\nSCATSAT-1\nCatalog Sat..."
  },
  {
    "source": "MOSDAC Website",
    "relation": "has_section",
    "target": "megha tropiques"
  },
  {
    "source": "megha tropiques",
    "relation": "contains_text",
    "target": "URL: https://mosdac.gov.in/megha-tropiques\n\nSkip to main Content\nHome\nMissions INSAT-3DR INSAT-3D KALPANA-1 INSAT-3A MeghaTropiques SARAL-AltiKa OCEANSAT-2 OCEANSAT-3 INSAT-3DS SCATSAT-1\nINSAT-3DR\nINSAT-3D\nKALPANA-1\nINSAT-3A\nMeghaTropiques\nSARAL-AltiKa\nOCEANSAT-2\nOCEANSAT-3\nINSAT-3DS\nSCATSAT-1\nCatal..."
  },
  {
    "source": "MOSDAC Website",
    "relation": "has_section",
    "target": "meteosat8 cloud properties"
  },
  {
    "source": "meteosat8 cloud properties",
    "relation": "contains_text",
    "target": "URL: https://mosdac.gov.in/meteosat8-cloud-properties\n\nSkip to main Content\nHome\nMissions INSAT-3DR INSAT-3D KALPANA-1 INSAT-3A MeghaTropiques SARAL-AltiKa OCEANSAT-2 OCEANSAT-3 INSAT-3DS SCATSAT-1\nINSAT-3DR\nINSAT-3D\nKALPANA-1\nINSAT-3A\nMeghaTropiques\nSARAL-AltiKa\nOCEANSAT-2\nOCEANSAT-3\nINSAT-3DS\nSCAT..."
  },
  {
    "source": "MOSDAC Website",
    "relation": "has_section",
    "target": "mosdac feedback"
  },
  {
    "source": "mosdac feedback",
    "relation": "contains_text",
    "target": "URL: https://mosdac.gov.in/mosdac-feedback\n\nSkip to main Content\nHome\nMissions INSAT-3DR INSAT-3D KALPANA-1 INSAT-3A MeghaTropiques SARAL-AltiKa OCEANSAT-2 OCEANSAT-3 INSAT-3DS SCATSAT-1\nINSAT-3DR\nINSAT-3D\nKALPANA-1\nINSAT-3A\nMeghaTropiques\nSARAL-AltiKa\nOCEANSAT-2\nOCEANSAT-3\nINSAT-3DS\nSCATSAT-1\nCatal..."
  },
  {
    "source": "MOSDAC Website",
    "relation": "has_section",
    "target": "oceanic eddies detection"
  },
  {
    "source": "oceanic eddies detection",
    "relation": "contains_text",
    "target": "URL: https://mosdac.gov.in/oceanic-eddies-detection\n\nSkip to main Content\nHome\nMissions INSAT-3DR INSAT-3D KALPANA-1 INSAT-3A MeghaTropiques SARAL-AltiKa OCEANSAT-2 OCEANSAT-3 INSAT-3DS SCATSAT-1\nINSAT-3DR\nINSAT-3D\nKALPANA-1\nINSAT-3A\nMeghaTropiques\nSARAL-AltiKa\nOCEANSAT-2\nOCEANSAT-3\nINSAT-3DS\nSCATSA..."
  },
  {
    "source": "MOSDAC Website",
    "relation": "has_section",
    "target": "oceansat 2"
  },
  {
    "source": "oceansat 2",
    "relation": "contains_text",
    "target": "URL: https://mosdac.gov.in/oceansat-2\n\nSkip to main Content\nHome\nMissions INSAT-3DR INSAT-3D KALPANA-1 INSAT-3A MeghaTropiques SARAL-AltiKa OCEANSAT-2 OCEANSAT-3 INSAT-3DS SCATSAT-1\nINSAT-3DR\nINSAT-3D\nKALPANA-1\nINSAT-3A\nMeghaTropiques\nSARAL-AltiKa\nOCEANSAT-2\nOCEANSAT-3\nINSAT-3DS\nSCATSAT-1\nCatalog Sa..."
  },
  {
    "source": "MOSDAC Website",
    "relation": "has_section",
    "target": "oceansat 3"
  },
  {
    "source": "oceansat 3",
    "relation": "contains_text",
    "target": "URL: https://mosdac.gov.in/oceansat-3\n\nSkip to main Content\nHome\nMissions INSAT-3DR INSAT-3D KALPANA-1 INSAT-3A MeghaTropiques SARAL-AltiKa OCEANSAT-2 OCEANSAT-3 INSAT-3DS SCATSAT-1\nINSAT-3DR\nINSAT-3D\nKALPANA-1\nINSAT-3A\nMeghaTropiques\nSARAL-AltiKa\nOCEANSAT-2\nOCEANSAT-3\nINSAT-3DS\nSCATSAT-1\nCatalog Sa..."
  },
  {
    "source": "MOSDAC Website",
    "relation": "has_section",
    "target": "ocean subsurface"
  },
  {
    "source": "ocean subsurface",
    "relation": "contains_text",
    "target": "URL: https://mosdac.gov.in/ocean-subsurface\n\nSkip to main Content\nHome\nMissions INSAT-3DR INSAT-3D KALPANA-1 INSAT-3A MeghaTropiques SARAL-AltiKa OCEANSAT-2 OCEANSAT-3 INSAT-3DS SCATSAT-1\nINSAT-3DR\nINSAT-3D\nKALPANA-1\nINSAT-3A\nMeghaTropiques\nSARAL-AltiKa\nOCEANSAT-2\nOCEANSAT-3\nINSAT-3DS\nSCATSAT-1\nCata..."
  },
  {
    "source": "MOSDAC Website",
    "relation": "has_section",
    "target": "privacy policy"
  },
  {
    "source": "privacy policy",
    "relation": "contains_text",
    "target": "URL: https://mosdac.gov.in/privacy-policy\n\nSkip to main Content\nHome\nMissions INSAT-3DR INSAT-3D KALPANA-1 INSAT-3A MeghaTropiques SARAL-AltiKa OCEANSAT-2 OCEANSAT-3 INSAT-3DS SCATSAT-1\nINSAT-3DR\nINSAT-3D\nKALPANA-1\nINSAT-3A\nMeghaTropiques\nSARAL-AltiKa\nOCEANSAT-2\nOCEANSAT-3\nINSAT-3DS\nSCATSAT-1\nCatalo..."
  },
  {
    "source": "MOSDAC Website",
    "relation": "has_section",
    "target": "river discharge"
  },
  {
    "source": "river discharge",
    "relation": "contains_text",
    "target": "URL: https://mosdac.gov.in/river-discharge\n\nSkip to main Content\nHome\nMissions INSAT-3DR INSAT-3D KALPANA-1 INSAT-3A MeghaTropiques SARAL-AltiKa OCEANSAT-2 OCEANSAT-3 INSAT-3DS SCATSAT-1\nINSAT-3DR\nINSAT-3D\nKALPANA-1\nINSAT-3A\nMeghaTropiques\nSARAL-AltiKa\nOCEANSAT-2\nOCEANSAT-3\nINSAT-3DS\nSCATSAT-1\nCatal..."
  },
  {
    "source": "MOSDAC Website",
    "relation": "has_section",
    "target": "rss feed"
  },
  {
    "source": "rss feed",
    "relation": "contains_text",
    "target": "URL: https://mosdac.gov.in/rss-feed\n\nSkip to main Content\nHome\nMissions INSAT-3DR INSAT-3D KALPANA-1 INSAT-3A MeghaTropiques SARAL-AltiKa OCEANSAT-2 OCEANSAT-3 INSAT-3DS SCATSAT-1\nINSAT-3DR\nINSAT-3D\nKALPANA-1\nINSAT-3A\nMeghaTropiques\nSARAL-AltiKa\nOCEANSAT-2\nOCEANSAT-3\nINSAT-3DS\nSCATSAT-1\nCatalog Sate..."
  },
  {
    "source": "MOSDAC Website",
    "relation": "has_section",
    "target": "saral altika"
  },
  {
    "source": "saral altika",
    "relation": "contains_text",
    "target": "URL: https://mosdac.gov.in/saral-altika\n\nSkip to main Content\nHome\nMissions INSAT-3DR INSAT-3D KALPANA-1 INSAT-3A MeghaTropiques SARAL-AltiKa OCEANSAT-2 OCEANSAT-3 INSAT-3DS SCATSAT-1\nINSAT-3DR\nINSAT-3D\nKALPANA-1\nINSAT-3A\nMeghaTropiques\nSARAL-AltiKa\nOCEANSAT-2\nOCEANSAT-3\nINSAT-3DS\nSCATSAT-1\nCatalog ..."
  },
  {
    "source": "MOSDAC Website",
    "relation": "has_section",
    "target": "scatsat 1"
  },
  {
    "source": "scatsat 1",
    "relation": "contains_text",
    "target": "URL: https://mosdac.gov.in/scatsat-1\n\nSkip to main Content\nHome\nMissions INSAT-3DR INSAT-3D KALPANA-1 INSAT-3A MeghaTropiques SARAL-AltiKa OCEANSAT-2 OCEANSAT-3 INSAT-3DS SCATSAT-1\nINSAT-3DR\nINSAT-3D\nKALPANA-1\nINSAT-3A\nMeghaTropiques\nSARAL-AltiKa\nOCEANSAT-2\nOCEANSAT-3\nINSAT-3DS\nSCATSAT-1\nCatalog Sat..."
  },
  {
    "source": "MOSDAC Website",
    "relation": "has_section",
    "target": "sea ice occurrence probability"
  },
  {
    "source": "sea ice occurrence probability",
    "relation": "contains_text",
    "target": "URL: https://mosdac.gov.in/sea-ice-occurrence-probability\n\nSkip to main Content\nHome\nMissions INSAT-3DR INSAT-3D KALPANA-1 INSAT-3A MeghaTropiques SARAL-AltiKa OCEANSAT-2 OCEANSAT-3 INSAT-3DS SCATSAT-1\nINSAT-3DR\nINSAT-3D\nKALPANA-1\nINSAT-3A\nMeghaTropiques\nSARAL-AltiKa\nOCEANSAT-2\nOCEANSAT-3\nINSAT-3DS\n..."
  },
  {
    "source": "MOSDAC Website",
    "relation": "has_section",
    "target": "sitemap"
  },
  {
    "source": "sitemap",
    "relation": "contains_text",
    "target": "URL: https://mosdac.gov.in/sitemap\n\nSkip to main Content\nHome\nMissions INSAT-3DR INSAT-3D KALPANA-1 INSAT-3A MeghaTropiques SARAL-AltiKa OCEANSAT-2 OCEANSAT-3 INSAT-3DS SCATSAT-1\nINSAT-3DR\nINSAT-3D\nKALPANA-1\nINSAT-3A\nMeghaTropiques\nSARAL-AltiKa\nOCEANSAT-2\nOCEANSAT-3\nINSAT-3DS\nSCATSAT-1\nCatalog Satel..."
  },
  {
    "source": "MOSDAC Website",
    "relation": "has_section",
    "target": "soil moisture 0"
  },
  {
    "source": "soil moisture 0",
    "relation": "contains_text",
    "target": "URL: https://mosdac.gov.in/soil-moisture-0\n\nSkip to main Content\nHome\nMissions INSAT-3DR INSAT-3D KALPANA-1 INSAT-3A MeghaTropiques SARAL-AltiKa OCEANSAT-2 OCEANSAT-3 INSAT-3DS SCATSAT-1\nINSAT-3DR\nINSAT-3D\nKALPANA-1\nINSAT-3A\nMeghaTropiques\nSARAL-AltiKa\nOCEANSAT-2\nOCEANSAT-3\nINSAT-3DS\nSCATSAT-1\nCatal..."
  },
  {
    "source": "MOSDAC Website",
    "relation": "has_section",
    "target": "terms conditions"
  },
  {
    "source": "terms conditions",
    "relation": "contains_text",
    "target": "URL: https://mosdac.gov.in/terms-conditions\n\nSkip to main Content\nHome\nMissions INSAT-3DR INSAT-3D KALPANA-1 INSAT-3A MeghaTropiques SARAL-AltiKa OCEANSAT-2 OCEANSAT-3 INSAT-3DS SCATSAT-1\nINSAT-3DR\nINSAT-3D\nKALPANA-1\nINSAT-3A\nMeghaTropiques\nSARAL-AltiKa\nOCEANSAT-2\nOCEANSAT-3\nINSAT-3DS\nSCATSAT-1\nCata..."
  },
  {
    "source": "MOSDAC Website",
    "relation": "has_section",
    "target": "tools"
  },
  {
    "source": "tools",
    "relation": "contains_text",
    "target": "URL: https://mosdac.gov.in/tools\n\nSkip to main Content\nHome\nMissions INSAT-3DR INSAT-3D KALPANA-1 INSAT-3A MeghaTropiques SARAL-AltiKa OCEANSAT-2 OCEANSAT-3 INSAT-3DS SCATSAT-1\nINSAT-3DR\nINSAT-3D\nKALPANA-1\nINSAT-3A\nMeghaTropiques\nSARAL-AltiKa\nOCEANSAT-2\nOCEANSAT-3\nINSAT-3DS\nSCATSAT-1\nCatalog Satelli..."
  },
  {
    "source": "MOSDAC Website",
    "relation": "has_section",
    "target": "validation reports"
  },
  {
    "source": "validation reports",
    "relation": "contains_text",
    "target": "URL: https://mosdac.gov.in/validation-reports\n\nSkip to main Content\nHome\nMissions INSAT-3DR INSAT-3D KALPANA-1 INSAT-3A MeghaTropiques SARAL-AltiKa OCEANSAT-2 OCEANSAT-3 INSAT-3DS SCATSAT-1\nINSAT-3DR\nINSAT-3D\nKALPANA-1\nINSAT-3A\nMeghaTropiques\nSARAL-AltiKa\nOCEANSAT-2\nOCEANSAT-3\nINSAT-3DS\nSCATSAT-1\nCa..."
  },
  {
    "source": "MOSDAC Website",
    "relation": "has_section",
    "target": "wave based renewable energy"
  },
  {
    "source": "wave based renewable energy",
    "relation": "contains_text",
    "target": "URL: https://mosdac.gov.in/wave-based-renewable-energy\n\nSkip to main Content\nHome\nMissions INSAT-3DR INSAT-3D KALPANA-1 INSAT-3A MeghaTropiques SARAL-AltiKa OCEANSAT-2 OCEANSAT-3 INSAT-3DS SCATSAT-1\nINSAT-3DR\nINSAT-3D\nKALPANA-1\nINSAT-3A\nMeghaTropiques\nSARAL-AltiKa\nOCEANSAT-2\nOCEANSAT-3\nINSAT-3DS\nSCA..."
  },
  {
    "source": "MOSDAC Website",
    "relation": "has_section",
    "target": "weather reports"
  },
  {
    "source": "weather reports",
    "relation": "contains_text",
    "target": "URL: https://mosdac.gov.in/weather-reports\n\nSkip to main Content\nHome\nMissions INSAT-3DR INSAT-3D KALPANA-1 INSAT-3A MeghaTropiques SARAL-AltiKa OCEANSAT-2 OCEANSAT-3 INSAT-3DS SCATSAT-1\nINSAT-3DR\nINSAT-3D\nKALPANA-1\nINSAT-3A\nMeghaTropiques\nSARAL-AltiKa\nOCEANSAT-2\nOCEANSAT-3\nINSAT-3DS\nSCATSAT-1\nCatal..."
  },
  {
    "source": "MOSDAC Website",
    "relation": "has_section",
    "target": "website policies"
  },
  {
    "source": "website policies",
    "relation": "contains_text",
    "target": "URL: https://mosdac.gov.in/website-policies\n\nSkip to main Content\nHome\nMissions INSAT-3DR INSAT-3D KALPANA-1 INSAT-3A MeghaTropiques SARAL-AltiKa OCEANSAT-2 OCEANSAT-3 INSAT-3DS SCATSAT-1\nINSAT-3DR\nINSAT-3D\nKALPANA-1\nINSAT-3A\nMeghaTropiques\nSARAL-AltiKa\nOCEANSAT-2\nOCEANSAT-3\nINSAT-3DS\nSCATSAT-1\nCata..."
  },
  {
    "source": "MOSDAC Datasets",
    "relation": "offers",
    "target": "hdftool-linux.zip"
  },
  {
    "source": "hdftool-linux.zip",
    "relation": "file_type",
    "target": "Unknown file type"
  },
  {
    "source": "MOSDAC Datasets",
    "relation": "offers",
    "target": "HdfTool.zip"
  },
  {
    "source": "HdfTool.zip",
    "relation": "file_type",
    "target": "Unknown file type"
  },
  {
    "source": "MOSDAC Datasets",
    "relation": "offers",
    "target": "mt-hdf-bin-linux.zip"
  },
  {
    "source": "mt-hdf-bin-linux.zip",
    "relation": "file_type",
    "target": "Unknown file type"
  },
  {
    "source": "MOSDAC Datasets",
    "relation": "offers",
    "target": "mt-hdf-bin-txt.zip"
  },
  {
    "source": "mt-hdf-bin-txt.zip",
    "relation": "file_type",
    "target": "Unknown file type"
  },
  {
    "source": "MOSDAC Datasets",
    "relation": "offers",
    "target": "oisst"
  },
  {
    "source": "oisst",
    "relation": "file_type",
    "target": "Unknown file type"
  }
]